insert into Departamentos (NumeroDepartamento, NombreDepartamento)
values (1, 'DOMESTICOS')

insert into Departamentos (NumeroDepartamento, NombreDepartamento)
values (2, 'ELECTRONICA')

insert into Departamentos (NumeroDepartamento, NombreDepartamento)
values (3, 'MUEBLE SUELTO')

insert into Departamentos (NumeroDepartamento, NombreDepartamento)
values (4, 'SALAS. RECAMARAS, COMEDORES')

insert into Clases (NumeroClase, NombreClase, NumeroDepartamento)
values (1, 'COMESTIBLES', 1)

insert into Clases (NumeroClase, NombreClase, NumeroDepartamento)
values (2, 'LICUADORAS', 1)

insert into Clases (NumeroClase, NombreClase, NumeroDepartamento)
values (3, 'BATIDORAS', 1)

insert into Clases (NumeroClase, NombreClase, NumeroDepartamento)
values (4, 'CAFETERAS', 1)

insert into Clases (NumeroClase, NombreClase, NumeroDepartamento)
values (1, 'AMPLIFICADORES CAR AUDIO', 2)

insert into Clases (NumeroClase, NombreClase, NumeroDepartamento)
values (2, 'AUTO STEREOS', 2)

insert into Clases (NumeroClase, NombreClase, NumeroDepartamento)
values (1, 'COLCHON', 3)

insert into Clases (NumeroClase, NombreClase, NumeroDepartamento)
values (2, 'JUEGO BOX', 3)

insert into Clases (NumeroClase, NombreClase, NumeroDepartamento)
values (1, 'SALAS', 4)

insert into Clases (NumeroClase, NombreClase, NumeroDepartamento)
values (2, 'COMPLEMENTOS PARA SALA', 4)

insert into Clases (NumeroClase, NombreClase, NumeroDepartamento)
values (3, 'SOFAS CAMA', 4)

insert into Familias (NumeroFamilia, NombreFamilia, NumeroClase, NombreClase)
values (0, 'SIN NOMBRE', 1, 'COMESTIBLES')
insert into Familias (NumeroFamilia, NombreFamilia, NumeroClase, NombreClase)
values (1, 'LICUADORAS', 2, 'LICUADORAS')
insert into Familias (NumeroFamilia, NombreFamilia, NumeroClase, NombreClase)
values (2, 'EXCLUSIVO COPPEL.COM', 2, 'LICUADORAS')
insert into Familias (NumeroFamilia, NombreFamilia, NumeroClase, NombreClase)
values (1, 'BATIDORA MANUAL', 3, 'BATIDORAS')
insert into Familias (NumeroFamilia, NombreFamilia, NumeroClase, NombreClase)
values (2, 'PROCESADOR', 3, 'BATIDORAS')
insert into Familias (NumeroFamilia, NombreFamilia, NumeroClase, NombreClase)
values (3, 'PICADORA', 3, 'BATIDORAS')
insert into Familias (NumeroFamilia, NombreFamilia, NumeroClase, NombreClase)
values (4, 'BATIDORA PEDESTAL', 3 , 'BATIDORAS')
insert into Familias (NumeroFamilia, NombreFamilia, NumeroClase, NombreClase)
values (5, 'BATIDORA FUENTE DE SODAS', 3, 'BATIDORAS')
insert into Familias (NumeroFamilia, NombreFamilia, NumeroClase, NombreClase)
values (6, 'MULTIPRACTICOS', 3, 'BATIDORAS')
insert into Familias (NumeroFamilia, NombreFamilia, NumeroClase, NombreClase)
values (7, 'EXCLUSIVOS COPPEL.COM', 3, 'BATIDORAS')
insert into Familias (NumeroFamilia, NombreFamilia, NumeroClase, NombreClase)
values (1, 'CAFETERAS', 4, 'CAFETERAS')
insert into Familias (NumeroFamilia, NombreFamilia, NumeroClase, NombreClase)
values (2, 'PERCOLADORAS', 4, 'CAFETERAS')
insert into Familias (NumeroFamilia, NombreFamilia, NumeroClase, NombreClase)
values (1, 'AMPLIFICADOR/RECEPTOR', 1, 'AMPLIFICADORES CAR AUDIO')
insert into Familias (NumeroFamilia, NombreFamilia, NumeroClase, NombreClase)
values (2, 'KIT DE INSTALACION', 1, 'AMPLIFICADORES CAR AUDIO')
insert into Familias (NumeroFamilia, NombreFamilia, NumeroClase, NombreClase)
values (3, 'AMPLIFICADORES COPPEL', 1, 'AMPLIFICADORES CAR AUDIO')
insert into Familias (NumeroFamilia, NombreFamilia, NumeroClase, NombreClase)
values (1, 'AUTOESTEREO CD C/BOOM', 2, 'AUTO STEREOS')
insert into Familias (NumeroFamilia, NombreFamilia, NumeroClase, NombreClase)
values (2, 'ACCESORIOS CAR AUDIO', 2, 'AUTO STEREOS')
insert into Familias (NumeroFamilia, NombreFamilia, NumeroClase, NombreClase)
values (3, 'AMPLIFICADOR', 2, 'AUTO STEREOS')
insert into Familias (NumeroFamilia, NombreFamilia, NumeroClase, NombreClase)
values (4, 'ALARMA AUTO/CASA/OFICINA', 2, 'AUTO STEREOS')
insert into Familias (NumeroFamilia, NombreFamilia, NumeroClase, NombreClase)
values (5, 'SIN MECANISMO CON CD MULTIMEDIA', 2, 'AUTO STEREOS')
insert into Familias (NumeroFamilia, NombreFamilia, NumeroClase, NombreClase)
values (8, 'PAQUETE SIN MECANISMO', 2, 'AUTO STEREOS')
insert into Familias (NumeroFamilia, NombreFamilia, NumeroClase, NombreClase)
values (9, 'PAQUETE CON CD', 2, 'AUTO STEREOS')
insert into Familias (NumeroFamilia, NombreFamilia, NumeroClase, NombreClase)
values (1, 'PILLOW TOP KS', 1, 'COLCHON')
insert into Familias (NumeroFamilia, NombreFamilia, NumeroClase, NombreClase)
values (2, 'PILLOW TOP DOBLE KS', 1, 'COLCHON')
insert into Familias (NumeroFamilia, NombreFamilia, NumeroClase, NombreClase)
values (3, 'HULE ESPUMA KS', 1, 'COLCHON')
insert into Familias (NumeroFamilia, NombreFamilia, NumeroClase, NombreClase)
values (1, 'ESTANDAR INDIVIDUAL', 2, 'JUEGO BOX')
insert into Familias (NumeroFamilia, NombreFamilia, NumeroClase, NombreClase)
values (1, 'PILLOW TOP INDIVIDUAL', 2, 'JUEGO BOX')
insert into Familias (NumeroFamilia, NombreFamilia, NumeroClase, NombreClase)
values (3, 'PILLOW TOP DOBLE INDIVIDUAL', 2, 'JUEGO BOX')
insert into Familias (NumeroFamilia, NombreFamilia, NumeroClase, NombreClase)
values (1, 'ESQUINERAS SUPERIORES', 1, 'SALAS')
insert into Familias (NumeroFamilia, NombreFamilia, NumeroClase, NombreClase)
values (2, 'TIPO L SECCIONAL', 1, 'SALAS')
insert into Familias (NumeroFamilia, NombreFamilia, NumeroClase, NombreClase)
values (1, 'SILLON OCASIONAL', 2, 'COMPLEMENTOS PARA SALA')
insert into Familias (NumeroFamilia, NombreFamilia, NumeroClase, NombreClase)
values (2, 'PUFF', 2, 'COMPLEMENTOS PARA SALA')
insert into Familias (NumeroFamilia, NombreFamilia, NumeroClase, NombreClase)
values (3, 'BAUL', 2, 'COMPLEMENTOS PARA SALA')
insert into Familias (NumeroFamilia, NombreFamilia, NumeroClase, NombreClase)
values (4, 'TABURETE', 2, 'COMPLEMENTOS PARA SALA')
insert into Familias (NumeroFamilia, NombreFamilia, NumeroClase, NombreClase)
values (1, 'SOFA CAMA TAPIZADO CON', 3, 'SOFAS CAMA')
insert into Familias (NumeroFamilia, NombreFamilia, NumeroClase, NombreClase)
values (2, 'SOFACAMA CLASICO', 3, 'SOFAS CAMA')
insert into Familias (NumeroFamilia, NombreFamilia, NumeroClase, NombreClase)
values (3, 'ESTUDIO', 3, 'SOFAS CAMA')